{"__symbolic":"module","version":4,"metadata":{"ɵangular_packages_common_common_a":{"__symbolic":"new","expression":{"__symbolic":"reference","module":"@angular/core","name":"InjectionToken","line":15,"character":40},"arguments":["UseV4Plurals"]},"ɵangular_packages_common_common_b":{"__symbolic":"function"},"ɵangular_packages_common_common_c":{"LocaleId":0,"DayPeriodsFormat":1,"DayPeriodsStandalone":2,"DaysFormat":3,"DaysStandalone":4,"MonthsFormat":5,"MonthsStandalone":6,"Eras":7,"FirstDayOfWeek":8,"WeekendRange":9,"DateFormat":10,"TimeFormat":11,"DateTimeFormat":12,"NumberSymbols":13,"NumberFormats":14,"CurrencySymbol":15,"CurrencyName":16,"Currencies":17,"PluralCase":18,"ExtraData":19},"ɵangular_packages_common_common_d":{"__symbolic":"function"},"ɵangular_packages_common_common_e":[{"__symbolic":"reference","name":"NgClass"},{"__symbolic":"reference","name":"NgComponentOutlet"},{"__symbolic":"reference","name":"NgForOf"},{"__symbolic":"reference","name":"NgIf"},{"__symbolic":"reference","name":"NgTemplateOutlet"},{"__symbolic":"reference","name":"NgStyle"},{"__symbolic":"reference","name":"NgSwitch"},{"__symbolic":"reference","name":"NgSwitchCase"},{"__symbolic":"reference","name":"NgSwitchDefault"},{"__symbolic":"reference","name":"NgPlural"},{"__symbolic":"reference","name":"NgPluralCase"}],"ɵangular_packages_common_common_f":[{"__symbolic":"reference","name":"AsyncPipe"},{"__symbolic":"reference","name":"UpperCasePipe"},{"__symbolic":"reference","name":"LowerCasePipe"},{"__symbolic":"reference","name":"JsonPipe"},{"__symbolic":"reference","name":"SlicePipe"},{"__symbolic":"reference","name":"DecimalPipe"},{"__symbolic":"reference","name":"PercentPipe"},{"__symbolic":"reference","name":"TitleCasePipe"},{"__symbolic":"reference","name":"CurrencyPipe"},{"__symbolic":"reference","name":"DatePipe"},{"__symbolic":"reference","name":"I18nPluralPipe"},{"__symbolic":"reference","name":"I18nSelectPipe"}],"ɵangular_packages_common_common_g":[{"__symbolic":"reference","name":"DeprecatedDecimalPipe"},{"__symbolic":"reference","name":"DeprecatedPercentPipe"},{"__symbolic":"reference","name":"DeprecatedCurrencyPipe"},{"__symbolic":"reference","name":"DeprecatedDatePipe"}],"PlatformLocation":{"__symbolic":"class","members":{"getBaseHrefFromDOM":[{"__symbolic":"method"}],"onPopState":[{"__symbolic":"method"}],"onHashChange":[{"__symbolic":"method"}],"replaceState":[{"__symbolic":"method"}],"pushState":[{"__symbolic":"method"}],"forward":[{"__symbolic":"method"}],"back":[{"__symbolic":"method"}]}},"LOCATION_INITIALIZED":{"__symbolic":"new","expression":{"__symbolic":"reference","module":"@angular/core","name":"InjectionToken","line":53,"character":40},"arguments":["Location Initialized"]},"LocationChangeEvent":{"__symbolic":"interface"},"LocationChangeListener":{"__symbolic":"interface"},"LocationStrategy":{"__symbolic":"class","members":{"path":[{"__symbolic":"method"}],"prepareExternalUrl":[{"__symbolic":"method"}],"pushState":[{"__symbolic":"method"}],"replaceState":[{"__symbolic":"method"}],"forward":[{"__symbolic":"method"}],"back":[{"__symbolic":"method"}],"onPopState":[{"__symbolic":"method"}],"getBaseHref":[{"__symbolic":"method"}]}},"APP_BASE_HREF":{"__symbolic":"new","expression":{"__symbolic":"reference","module":"@angular/core","name":"InjectionToken","line":63,"character":33},"arguments":["appBaseHref"]},"HashLocationStrategy":{"__symbolic":"class","extends":{"__symbolic":"reference","name":"LocationStrategy"},"decorators":[{"__symbolic":"call","expression":{"__symbolic":"reference","module":"@angular/core","name":"Injectable","line":33,"character":1}}],"members":{"__ctor__":[{"__symbolic":"constructor","parameterDecorators":[null,[{"__symbolic":"call","expression":{"__symbolic":"reference","module":"@angular/core","name":"Optional","line":38,"character":7}},{"__symbolic":"call","expression":{"__symbolic":"reference","module":"@angular/core","name":"Inject","line":38,"character":19},"arguments":[{"__symbolic":"reference","name":"APP_BASE_HREF"}]}]],"parameters":[{"__symbolic":"reference","name":"PlatformLocation"},{"__symbolic":"reference","name":"string"}]}],"onPopState":[{"__symbolic":"method"}],"getBaseHref":[{"__symbolic":"method"}],"path":[{"__symbolic":"method"}],"prepareExternalUrl":[{"__symbolic":"method"}],"pushState":[{"__symbolic":"method"}],"replaceState":[{"__symbolic":"method"}],"forward":[{"__symbolic":"method"}],"back":[{"__symbolic":"method"}]}},"PathLocationStrategy":{"__symbolic":"class","extends":{"__symbolic":"reference","name":"LocationStrategy"},"decorators":[{"__symbolic":"call","expression":{"__symbolic":"reference","module":"@angular/core","name":"Injectable","line":42,"character":1}}],"members":{"__ctor__":[{"__symbolic":"constructor","parameterDecorators":[null,[{"__symbolic":"call","expression":{"__symbolic":"reference","module":"@angular/core","name":"Optional","line":48,"character":7}},{"__symbolic":"call","expression":{"__symbolic":"reference","module":"@angular/core","name":"Inject","line":48,"character":19},"arguments":[{"__symbolic":"reference","name":"APP_BASE_HREF"}]}]],"parameters":[{"__symbolic":"reference","name":"PlatformLocation"},{"__symbolic":"reference","name":"string"}]}],"onPopState":[{"__symbolic":"method"}],"getBaseHref":[{"__symbolic":"method"}],"prepareExternalUrl":[{"__symbolic":"method"}],"path":[{"__symbolic":"method"}],"pushState":[{"__symbolic":"method"}],"replaceState":[{"__symbolic":"method"}],"forward":[{"__symbolic":"method"}],"back":[{"__symbolic":"method"}]}},"PopStateEvent":{"__symbolic":"interface"},"Location":{"__symbolic":"class","decorators":[{"__symbolic":"call","expression":{"__symbolic":"reference","module":"@angular/core","name":"Injectable","line":44,"character":1}}],"members":{"__ctor__":[{"__symbolic":"constructor","parameters":[{"__symbolic":"reference","name":"LocationStrategy"}]}],"path":[{"__symbolic":"method"}],"isCurrentPathEqualTo":[{"__symbolic":"method"}],"normalize":[{"__symbolic":"method"}],"prepareExternalUrl":[{"__symbolic":"method"}],"go":[{"__symbolic":"method"}],"replaceState":[{"__symbolic":"method"}],"forward":[{"__symbolic":"method"}],"back":[{"__symbolic":"method"}],"subscribe":[{"__symbolic":"method"}]},"statics":{"normalizeQueryParams":{"__symbolic":"function","parameters":["params"],"value":{"__symbolic":"if","condition":{"__symbolic":"binop","operator":"&&","left":{"__symbolic":"reference","name":"params"},"right":{"__symbolic":"binop","operator":"!==","left":{"__symbolic":"index","expression":{"__symbolic":"reference","name":"params"},"index":0},"right":"?"}},"thenExpression":{"__symbolic":"binop","operator":"+","left":"?","right":{"__symbolic":"reference","name":"params"}},"elseExpression":{"__symbolic":"reference","name":"params"}}}}},"formatDate":{"__symbolic":"function"},"formatCurrency":{"__symbolic":"function"},"formatNumber":{"__symbolic":"function"},"formatPercent":{"__symbolic":"function"},"NgLocaleLocalization":{"__symbolic":"class","extends":{"__symbolic":"reference","name":"NgLocalization"},"decorators":[{"__symbolic":"call","expression":{"__symbolic":"reference","module":"@angular/core","name":"Injectable","line":56,"character":1}}],"members":{"__ctor__":[{"__symbolic":"constructor","parameterDecorators":[[{"__symbolic":"call","expression":{"__symbolic":"reference","module":"@angular/core","name":"Inject","line":59,"character":7},"arguments":[{"__symbolic":"reference","module":"@angular/core","name":"LOCALE_ID","line":59,"character":14}]}],[{"__symbolic":"call","expression":{"__symbolic":"reference","module":"@angular/core","name":"Optional","line":61,"character":7}},{"__symbolic":"call","expression":{"__symbolic":"reference","module":"@angular/core","name":"Inject","line":61,"character":19},"arguments":[{"__symbolic":"reference","name":"ɵangular_packages_common_common_a"}]}]],"parameters":[{"__symbolic":"reference","name":"string"},{"__symbolic":"error","message":"Expression form not supported","line":62,"character":10,"module":"./src/i18n/localization"}]}],"getPluralCategory":[{"__symbolic":"method"}]}},"NgLocalization":{"__symbolic":"class","members":{"getPluralCategory":[{"__symbolic":"method"}]}},"registerLocaleData":{"__symbolic":"function"},"Plural":{"Zero":0,"One":1,"Two":2,"Few":3,"Many":4,"Other":5},"NumberFormatStyle":{"Decimal":0,"Percent":1,"Currency":2,"Scientific":3},"FormStyle":{"Format":0,"Standalone":1},"Time":{"__symbolic":"interface"},"TranslationWidth":{"Narrow":0,"Abbreviated":1,"Wide":2,"Short":3},"FormatWidth":{"Short":0,"Medium":1,"Long":2,"Full":3},"NumberSymbol":{"Decimal":0,"Group":1,"List":2,"PercentSign":3,"PlusSign":4,"MinusSign":5,"Exponential":6,"SuperscriptingExponent":7,"PerMille":8,"Infinity":9,"NaN":10,"TimeSeparator":11,"CurrencyDecimal":12,"CurrencyGroup":13},"WeekDay":{"Sunday":0,"Monday":1,"Tuesday":2,"Wednesday":3,"Thursday":4,"Friday":5,"Saturday":6},"getNumberOfCurrencyDigits":{"__symbolic":"function"},"getCurrencySymbol":{"__symbolic":"function"},"getLocaleDayPeriods":{"__symbolic":"function"},"getLocaleDayNames":{"__symbolic":"function"},"getLocaleMonthNames":{"__symbolic":"function"},"getLocaleId":{"__symbolic":"function","parameters":["locale"],"value":{"__symbolic":"index","expression":{"__symbolic":"call","expression":{"__symbolic":"reference","name":"ɵangular_packages_common_common_d"},"arguments":[{"__symbolic":"reference","name":"locale"}]},"index":{"__symbolic":"select","expression":{"__symbolic":"reference","name":"ɵangular_packages_common_common_c"},"member":"LocaleId"}}},"getLocaleEraNames":{"__symbolic":"function"},"getLocaleWeekEndRange":{"__symbolic":"function"},"getLocaleFirstDayOfWeek":{"__symbolic":"function"},"getLocaleDateFormat":{"__symbolic":"function"},"getLocaleDateTimeFormat":{"__symbolic":"function"},"getLocaleExtraDayPeriodRules":{"__symbolic":"function"},"getLocaleExtraDayPeriods":{"__symbolic":"function"},"getLocalePluralCase":{"__symbolic":"function"},"getLocaleTimeFormat":{"__symbolic":"function"},"getLocaleNumberSymbol":{"__symbolic":"function"},"getLocaleNumberFormat":{"__symbolic":"function"},"getLocaleCurrencyName":{"__symbolic":"function"},"getLocaleCurrencySymbol":{"__symbolic":"function"},"ɵparseCookieValue":{"__symbolic":"function"},"CommonModule":{"__symbolic":"class","decorators":[{"__symbolic":"call","expression":{"__symbolic":"reference","module":"@angular/core","name":"NgModule","line":22,"character":1},"arguments":[{"declarations":[{"__symbolic":"reference","name":"ɵangular_packages_common_common_e"},{"__symbolic":"reference","name":"ɵangular_packages_common_common_f"}],"exports":[{"__symbolic":"reference","name":"ɵangular_packages_common_common_e"},{"__symbolic":"reference","name":"ɵangular_packages_common_common_f"}],"providers":[{"provide":{"__symbolic":"reference","name":"NgLocalization"},"useClass":{"__symbolic":"reference","name":"NgLocaleLocalization"}}]}]}],"members":{}},"DeprecatedI18NPipesModule":{"__symbolic":"class","decorators":[{"__symbolic":"call","expression":{"__symbolic":"reference","module":"@angular/core","name":"NgModule","line":37,"character":1},"arguments":[{"declarations":[{"__symbolic":"reference","name":"ɵangular_packages_common_common_g"}],"exports":[{"__symbolic":"reference","name":"ɵangular_packages_common_common_g"}],"providers":[{"provide":{"__symbolic":"reference","name":"ɵangular_packages_common_common_a"},"useValue":{"__symbolic":"reference","name":"ɵangular_packages_common_common_b"}}]}]}],"members":{}},"NgClass":{"__symbolic":"class","decorators":[{"__symbolic":"call","expression":{"__symbolic":"reference","module":"@angular/core","name":"Directive","line":38,"character":1},"arguments":[{"selector":"[ngClass]"}]}],"members":{"__ctor__":[{"__symbolic":"constructor","parameters":[{"__symbolic":"reference","module":"@angular/core","name":"IterableDiffers","line":46,"character":32},{"__symbolic":"reference","module":"@angular/core","name":"KeyValueDiffers","line":46,"character":75},{"__symbolic":"reference","module":"@angular/core","name":"ElementRef","line":47,"character":21},{"__symbolic":"reference","module":"@angular/core","name":"Renderer2","line":47,"character":52}]}],"klass":[{"__symbolic":"property","decorators":[{"__symbolic":"call","expression":{"__symbolic":"reference","module":"@angular/core","name":"Input","line":49,"character":3},"arguments":["class"]}]}],"ngClass":[{"__symbolic":"property","decorators":[{"__symbolic":"call","expression":{"__symbolic":"reference","module":"@angular/core","name":"Input","line":57,"character":3}}]}],"ngDoCheck":[{"__symbolic":"method"}],"_applyKeyValueChanges":[{"__symbolic":"method"}],"_applyIterableChanges":[{"__symbolic":"method"}],"_applyClasses":[{"__symbolic":"method"}],"_removeClasses":[{"__symbolic":"method"}],"_toggleClass":[{"__symbolic":"method"}]}},"NgForOf":{"__symbolic":"class","arity":1,"decorators":[{"__symbolic":"call","expression":{"__symbolic":"reference","module":"@angular/core","name":"Directive","line":94,"character":1},"arguments":[{"selector":"[ngFor][ngForOf]"}]}],"members":{"ngForOf":[{"__symbolic":"property","decorators":[{"__symbolic":"call","expression":{"__symbolic":"reference","module":"@angular/core","name":"Input","line":96,"character":3}}]}],"ngForTrackBy":[{"__symbolic":"property","decorators":[{"__symbolic":"call","expression":{"__symbolic":"reference","module":"@angular/core","name":"Input","line":97,"character":3}}]}],"__ctor__":[{"__symbolic":"constructor","parameters":[{"__symbolic":"reference","module":"@angular/core","name":"ViewContainerRef","line":116,"character":30},{"__symbolic":"reference","name":"TemplateRef","module":"@angular/core","arguments":[{"__symbolic":"reference","name":"NgForOfContext"}]},{"__symbolic":"reference","module":"@angular/core","name":"IterableDiffers","line":117,"character":24}]}],"ngForTemplate":[{"__symbolic":"property","decorators":[{"__symbolic":"call","expression":{"__symbolic":"reference","module":"@angular/core","name":"Input","line":119,"character":3}}]}],"ngOnChanges":[{"__symbolic":"method"}],"ngDoCheck":[{"__symbolic":"method"}],"_applyChanges":[{"__symbolic":"method"}],"_perViewChange":[{"__symbolic":"method"}]}},"NgForOfContext":{"__symbolic":"class","arity":1,"members":{"__ctor__":[{"__symbolic":"constructor","parameters":[{"__symbolic":"error","message":"Could not resolve type","line":12,"character":24,"context":{"typeName":"T"},"module":"./src/directives/ng_for_of"},{"__symbolic":"reference","name":"NgIterable","module":"@angular/core","arguments":[{"__symbolic":"error","message":"Could not resolve type","line":12,"character":54,"context":{"typeName":"T"},"module":"./src/directives/ng_for_of"}]},{"__symbolic":"reference","name":"number"},{"__symbolic":"reference","name":"number"}]}]}},"NgIf":{"__symbolic":"class","decorators":[{"__symbolic":"call","expression":{"__symbolic":"reference","module":"@angular/core","name":"Directive","line":100,"character":1},"arguments":[{"selector":"[ngIf]"}]}],"members":{"__ctor__":[{"__symbolic":"constructor","parameters":[{"__symbolic":"reference","module":"@angular/core","name":"ViewContainerRef","line":108,"character":38},{"__symbolic":"reference","name":"TemplateRef","module":"@angular/core","arguments":[{"__symbolic":"reference","name":"NgIfContext"}]}]}],"ngIf":[{"__symbolic":"property","decorators":[{"__symbolic":"call","expression":{"__symbolic":"reference","module":"@angular/core","name":"Input","line":112,"character":3}}]}],"ngIfThen":[{"__symbolic":"property","decorators":[{"__symbolic":"call","expression":{"__symbolic":"reference","module":"@angular/core","name":"Input","line":118,"character":3}}]}],"ngIfElse":[{"__symbolic":"property","decorators":[{"__symbolic":"call","expression":{"__symbolic":"reference","module":"@angular/core","name":"Input","line":126,"character":3}}]}],"_updateView":[{"__symbolic":"method"}]},"statics":{"ngIfUseIfTypeGuard":{"__symbolic":"error","message":"Variable not initialized","line":157,"character":16}}},"NgIfContext":{"__symbolic":"class","members":{}},"NgPlural":{"__symbolic":"class","decorators":[{"__symbolic":"call","expression":{"__symbolic":"reference","module":"@angular/core","name":"Directive","line":46,"character":1},"arguments":[{"selector":"[ngPlural]"}]}],"members":{"__ctor__":[{"__symbolic":"constructor","parameters":[{"__symbolic":"reference","name":"NgLocalization"}]}],"ngPlural":[{"__symbolic":"property","decorators":[{"__symbolic":"call","expression":{"__symbolic":"reference","module":"@angular/core","name":"Input","line":54,"character":3}}]}],"addCase":[{"__symbolic":"method"}],"_updateView":[{"__symbolic":"method"}],"_clearViews":[{"__symbolic":"method"}],"_activateView":[{"__symbolic":"method"}]}},"NgPluralCase":{"__symbolic":"class","decorators":[{"__symbolic":"call","expression":{"__symbolic":"reference","module":"@angular/core","name":"Directive","line":102,"character":1},"arguments":[{"selector":"[ngPluralCase]"}]}],"members":{"__ctor__":[{"__symbolic":"constructor","parameterDecorators":[[{"__symbolic":"call","expression":{"__symbolic":"reference","module":"@angular/core","name":"Attribute","line":105,"character":7},"arguments":["ngPluralCase"]}],null,null,[{"__symbolic":"call","expression":{"__symbolic":"reference","module":"@angular/core","name":"Host","line":106,"character":40}}]],"parameters":[{"__symbolic":"reference","name":"string"},{"__symbolic":"reference","name":"TemplateRef","module":"@angular/core","arguments":[{"__symbolic":"reference","name":"Object"}]},{"__symbolic":"reference","module":"@angular/core","name":"ViewContainerRef","line":106,"character":21},{"__symbolic":"reference","name":"NgPlural"}]}]}},"NgStyle":{"__symbolic":"class","decorators":[{"__symbolic":"call","expression":{"__symbolic":"reference","module":"@angular/core","name":"Directive","line":32,"character":1},"arguments":[{"selector":"[ngStyle]"}]}],"members":{"__ctor__":[{"__symbolic":"constructor","parameters":[{"__symbolic":"reference","module":"@angular/core","name":"KeyValueDiffers","line":38,"character":24},{"__symbolic":"reference","module":"@angular/core","name":"ElementRef","line":38,"character":56},{"__symbolic":"reference","module":"@angular/core","name":"Renderer2","line":38,"character":87}]}],"ngStyle":[{"__symbolic":"property","decorators":[{"__symbolic":"call","expression":{"__symbolic":"reference","module":"@angular/core","name":"Input","line":40,"character":3}}]}],"ngDoCheck":[{"__symbolic":"method"}],"_applyChanges":[{"__symbolic":"method"}],"_setStyle":[{"__symbolic":"method"}]}},"NgSwitch":{"__symbolic":"class","decorators":[{"__symbolic":"call","expression":{"__symbolic":"reference","module":"@angular/core","name":"Directive","line":75,"character":1},"arguments":[{"selector":"[ngSwitch]"}]}],"members":{"ngSwitch":[{"__symbolic":"property","decorators":[{"__symbolic":"call","expression":{"__symbolic":"reference","module":"@angular/core","name":"Input","line":84,"character":3}}]}],"_addCase":[{"__symbolic":"method"}],"_addDefault":[{"__symbolic":"method"}],"_matchCase":[{"__symbolic":"method"}],"_updateDefaultCases":[{"__symbolic":"method"}]}},"NgSwitchCase":{"__symbolic":"class","decorators":[{"__symbolic":"call","expression":{"__symbolic":"reference","module":"@angular/core","name":"Directive","line":151,"character":1},"arguments":[{"selector":"[ngSwitchCase]"}]}],"members":{"ngSwitchCase":[{"__symbolic":"property","decorators":[{"__symbolic":"call","expression":{"__symbolic":"reference","module":"@angular/core","name":"Input","line":155,"character":3}}]}],"__ctor__":[{"__symbolic":"constructor","parameterDecorators":[null,null,[{"__symbolic":"call","expression":{"__symbolic":"reference","module":"@angular/core","name":"Host","line":160,"character":7}}]],"parameters":[{"__symbolic":"reference","module":"@angular/core","name":"ViewContainerRef","line":14,"character":33},{"__symbolic":"reference","name":"TemplateRef","module":"@angular/core","arguments":[{"__symbolic":"reference","name":"Object"}]},{"__symbolic":"reference","name":"NgSwitch"}]}],"ngDoCheck":[{"__symbolic":"method"}]}},"NgSwitchDefault":{"__symbolic":"class","decorators":[{"__symbolic":"call","expression":{"__symbolic":"reference","module":"@angular/core","name":"Directive","line":190,"character":1},"arguments":[{"selector":"[ngSwitchDefault]"}]}],"members":{"__ctor__":[{"__symbolic":"constructor","parameterDecorators":[null,null,[{"__symbolic":"call","expression":{"__symbolic":"reference","module":"@angular/core","name":"Host","line":194,"character":7}}]],"parameters":[{"__symbolic":"reference","module":"@angular/core","name":"ViewContainerRef","line":14,"character":33},{"__symbolic":"reference","name":"TemplateRef","module":"@angular/core","arguments":[{"__symbolic":"reference","name":"Object"}]},{"__symbolic":"reference","name":"NgSwitch"}]}]}},"NgTemplateOutlet":{"__symbolic":"class","decorators":[{"__symbolic":"call","expression":{"__symbolic":"reference","module":"@angular/core","name":"Directive","line":34,"character":1},"arguments":[{"selector":"[ngTemplateOutlet]"}]}],"members":{"ngTemplateOutletContext":[{"__symbolic":"property","decorators":[{"__symbolic":"call","expression":{"__symbolic":"reference","module":"@angular/core","name":"Input","line":38,"character":3}}]}],"ngTemplateOutlet":[{"__symbolic":"property","decorators":[{"__symbolic":"call","expression":{"__symbolic":"reference","module":"@angular/core","name":"Input","line":40,"character":3}}]}],"__ctor__":[{"__symbolic":"constructor","parameters":[{"__symbolic":"reference","module":"@angular/core","name":"ViewContainerRef","line":42,"character":41}]}],"ngOnChanges":[{"__symbolic":"method"}],"_shouldRecreateView":[{"__symbolic":"method"}],"_hasContextShapeChanged":[{"__symbolic":"method"}],"_updateExistingContext":[{"__symbolic":"method"}]}},"NgComponentOutlet":{"__symbolic":"class","decorators":[{"__symbolic":"call","expression":{"__symbolic":"reference","module":"@angular/core","name":"Directive","line":66,"character":1},"arguments":[{"selector":"[ngComponentOutlet]"}]}],"members":{"ngComponentOutlet":[{"__symbolic":"property","decorators":[{"__symbolic":"call","expression":{"__symbolic":"reference","module":"@angular/core","name":"Input","line":68,"character":3}}]}],"ngComponentOutletInjector":[{"__symbolic":"property","decorators":[{"__symbolic":"call","expression":{"__symbolic":"reference","module":"@angular/core","name":"Input","line":69,"character":3}}]}],"ngComponentOutletContent":[{"__symbolic":"property","decorators":[{"__symbolic":"call","expression":{"__symbolic":"reference","module":"@angular/core","name":"Input","line":70,"character":3}}]}],"ngComponentOutletNgModuleFactory":[{"__symbolic":"property","decorators":[{"__symbolic":"call","expression":{"__symbolic":"reference","module":"@angular/core","name":"Input","line":71,"character":3}}]}],"__ctor__":[{"__symbolic":"constructor","parameters":[{"__symbolic":"reference","module":"@angular/core","name":"ViewContainerRef","line":76,"character":41}]}],"ngOnChanges":[{"__symbolic":"method"}],"ngOnDestroy":[{"__symbolic":"method"}]}},"DOCUMENT":{"__symbolic":"new","expression":{"__symbolic":"reference","module":"@angular/core","name":"InjectionToken","line":18,"character":28},"arguments":["DocumentToken"]},"AsyncPipe":{"__symbolic":"class","decorators":[{"__symbolic":"call","expression":{"__symbolic":"reference","module":"@angular/core","name":"Pipe","line":68,"character":1},"arguments":[{"name":"async","pure":false}]}],"members":{"__ctor__":[{"__symbolic":"constructor","parameters":[{"__symbolic":"reference","module":"@angular/core","name":"ChangeDetectorRef","line":77,"character":28}]}],"ngOnDestroy":[{"__symbolic":"method"}],"transform":[{"__symbolic":"method"},{"__symbolic":"method"},{"__symbolic":"method"},{"__symbolic":"method"},{"__symbolic":"method"}],"_subscribe":[{"__symbolic":"method"}],"_selectStrategy":[{"__symbolic":"method"}],"_dispose":[{"__symbolic":"method"}],"_updateLatestValue":[{"__symbolic":"method"}]}},"DatePipe":{"__symbolic":"class","decorators":[{"__symbolic":"call","expression":{"__symbolic":"reference","module":"@angular/core","name":"Pipe","line":104,"character":1},"arguments":[{"name":"date","pure":true}]}],"members":{"__ctor__":[{"__symbolic":"constructor","parameterDecorators":[[{"__symbolic":"call","expression":{"__symbolic":"reference","module":"@angular/core","name":"Inject","line":106,"character":15},"arguments":[{"__symbolic":"reference","module":"@angular/core","name":"LOCALE_ID","line":106,"character":22}]}]],"parameters":[{"__symbolic":"reference","name":"string"}]}],"transform":[{"__symbolic":"method"}]}},"I18nPluralPipe":{"__symbolic":"class","decorators":[{"__symbolic":"call","expression":{"__symbolic":"reference","module":"@angular/core","name":"Pipe","line":26,"character":1},"arguments":[{"name":"i18nPlural","pure":true}]}],"members":{"__ctor__":[{"__symbolic":"constructor","parameters":[{"__symbolic":"reference","name":"NgLocalization"}]}],"transform":[{"__symbolic":"method"}]}},"I18nSelectPipe":{"__symbolic":"class","decorators":[{"__symbolic":"call","expression":{"__symbolic":"reference","module":"@angular/core","name":"Pipe","line":26,"character":1},"arguments":[{"name":"i18nSelect","pure":true}]}],"members":{"transform":[{"__symbolic":"method"}]}},"JsonPipe":{"__symbolic":"class","decorators":[{"__symbolic":"call","expression":{"__symbolic":"reference","module":"@angular/core","name":"Pipe","line":21,"character":1},"arguments":[{"name":"json","pure":false}]}],"members":{"transform":[{"__symbolic":"method"}]}},"LowerCasePipe":{"__symbolic":"class","decorators":[{"__symbolic":"call","expression":{"__symbolic":"reference","module":"@angular/core","name":"Pipe","line":18,"character":1},"arguments":[{"name":"lowercase"}]}],"members":{"transform":[{"__symbolic":"method"}]}},"CurrencyPipe":{"__symbolic":"class","decorators":[{"__symbolic":"call","expression":{"__symbolic":"reference","module":"@angular/core","name":"Pipe","line":109,"character":1},"arguments":[{"name":"currency"}]}],"members":{"__ctor__":[{"__symbolic":"constructor","parameterDecorators":[[{"__symbolic":"call","expression":{"__symbolic":"reference","module":"@angular/core","name":"Inject","line":111,"character":15},"arguments":[{"__symbolic":"reference","module":"@angular/core","name":"LOCALE_ID","line":111,"character":22}]}]],"parameters":[{"__symbolic":"reference","name":"string"}]}],"transform":[{"__symbolic":"method"}]}},"DecimalPipe":{"__symbolic":"class","decorators":[{"__symbolic":"call","expression":{"__symbolic":"reference","module":"@angular/core","name":"Pipe","line":28,"character":1},"arguments":[{"name":"number"}]}],"members":{"__ctor__":[{"__symbolic":"constructor","parameterDecorators":[[{"__symbolic":"call","expression":{"__symbolic":"reference","module":"@angular/core","name":"Inject","line":30,"character":15},"arguments":[{"__symbolic":"reference","module":"@angular/core","name":"LOCALE_ID","line":30,"character":22}]}]],"parameters":[{"__symbolic":"reference","name":"string"}]}],"transform":[{"__symbolic":"method"}]}},"PercentPipe":{"__symbolic":"class","decorators":[{"__symbolic":"call","expression":{"__symbolic":"reference","module":"@angular/core","name":"Pipe","line":71,"character":1},"arguments":[{"name":"percent"}]}],"members":{"__ctor__":[{"__symbolic":"constructor","parameterDecorators":[[{"__symbolic":"call","expression":{"__symbolic":"reference","module":"@angular/core","name":"Inject","line":73,"character":15},"arguments":[{"__symbolic":"reference","module":"@angular/core","name":"LOCALE_ID","line":73,"character":22}]}]],"parameters":[{"__symbolic":"reference","name":"string"}]}],"transform":[{"__symbolic":"method"}]}},"SlicePipe":{"__symbolic":"class","decorators":[{"__symbolic":"call","expression":{"__symbolic":"reference","module":"@angular/core","name":"Pipe","line":43,"character":1},"arguments":[{"name":"slice","pure":false}]}],"members":{"transform":[{"__symbolic":"method"}],"supports":[{"__symbolic":"method"}]}},"UpperCasePipe":{"__symbolic":"class","decorators":[{"__symbolic":"call","expression":{"__symbolic":"reference","module":"@angular/core","name":"Pipe","line":71,"character":1},"arguments":[{"name":"uppercase"}]}],"members":{"transform":[{"__symbolic":"method"}]}},"TitleCasePipe":{"__symbolic":"class","decorators":[{"__symbolic":"call","expression":{"__symbolic":"reference","module":"@angular/core","name":"Pipe","line":53,"character":1},"arguments":[{"name":"titlecase"}]}],"members":{"transform":[{"__symbolic":"method"}]}},"DeprecatedDatePipe":{"__symbolic":"class","decorators":[{"__symbolic":"call","expression":{"__symbolic":"reference","module":"@angular/core","name":"Pipe","line":75,"character":1},"arguments":[{"name":"date","pure":true}]}],"members":{"__ctor__":[{"__symbolic":"constructor","parameterDecorators":[[{"__symbolic":"call","expression":{"__symbolic":"reference","module":"@angular/core","name":"Inject","line":89,"character":15},"arguments":[{"__symbolic":"reference","module":"@angular/core","name":"LOCALE_ID","line":89,"character":22}]}]],"parameters":[{"__symbolic":"reference","name":"string"}]}],"transform":[{"__symbolic":"method"}]},"statics":{"_ALIASES":{"medium":"yMMMdjms","short":"yMdjm","fullDate":"yMMMMEEEEd","longDate":"yMMMMd","mediumDate":"yMMMd","shortDate":"yMd","mediumTime":"jms","shortTime":"jm","$quoted$":["medium","short","fullDate","longDate","mediumDate","shortDate","mediumTime","shortTime"]}}},"DeprecatedCurrencyPipe":{"__symbolic":"class","decorators":[{"__symbolic":"call","expression":{"__symbolic":"reference","module":"@angular/core","name":"Pipe","line":148,"character":1},"arguments":[{"name":"currency"}]}],"members":{"__ctor__":[{"__symbolic":"constructor","parameterDecorators":[[{"__symbolic":"call","expression":{"__symbolic":"reference","module":"@angular/core","name":"Inject","line":150,"character":15},"arguments":[{"__symbolic":"reference","module":"@angular/core","name":"LOCALE_ID","line":150,"character":22}]}]],"parameters":[{"__symbolic":"reference","name":"string"}]}],"transform":[{"__symbolic":"method"}]}},"DeprecatedDecimalPipe":{"__symbolic":"class","decorators":[{"__symbolic":"call","expression":{"__symbolic":"reference","module":"@angular/core","name":"Pipe","line":86,"character":1},"arguments":[{"name":"number"}]}],"members":{"__ctor__":[{"__symbolic":"constructor","parameterDecorators":[[{"__symbolic":"call","expression":{"__symbolic":"reference","module":"@angular/core","name":"Inject","line":88,"character":15},"arguments":[{"__symbolic":"reference","module":"@angular/core","name":"LOCALE_ID","line":88,"character":22}]}]],"parameters":[{"__symbolic":"reference","name":"string"}]}],"transform":[{"__symbolic":"method"}]}},"DeprecatedPercentPipe":{"__symbolic":"class","decorators":[{"__symbolic":"call","expression":{"__symbolic":"reference","module":"@angular/core","name":"Pipe","line":114,"character":1},"arguments":[{"name":"percent"}]}],"members":{"__ctor__":[{"__symbolic":"constructor","parameterDecorators":[[{"__symbolic":"call","expression":{"__symbolic":"reference","module":"@angular/core","name":"Inject","line":116,"character":15},"arguments":[{"__symbolic":"reference","module":"@angular/core","name":"LOCALE_ID","line":116,"character":22}]}]],"parameters":[{"__symbolic":"reference","name":"string"}]}],"transform":[{"__symbolic":"method"}]}},"ɵPLATFORM_BROWSER_ID":"browser","ɵPLATFORM_SERVER_ID":"server","ɵPLATFORM_WORKER_APP_ID":"browserWorkerApp","ɵPLATFORM_WORKER_UI_ID":"browserWorkerUi","isPlatformBrowser":{"__symbolic":"function","parameters":["platformId"],"value":{"__symbolic":"binop","operator":"===","left":{"__symbolic":"reference","name":"platformId"},"right":"browser"}},"isPlatformServer":{"__symbolic":"function","parameters":["platformId"],"value":{"__symbolic":"binop","operator":"===","left":{"__symbolic":"reference","name":"platformId"},"right":"server"}},"isPlatformWorkerApp":{"__symbolic":"function","parameters":["platformId"],"value":{"__symbolic":"binop","operator":"===","left":{"__symbolic":"reference","name":"platformId"},"right":"browserWorkerApp"}},"isPlatformWorkerUi":{"__symbolic":"function","parameters":["platformId"],"value":{"__symbolic":"binop","operator":"===","left":{"__symbolic":"reference","name":"platformId"},"right":"browserWorkerUi"}},"VERSION":{"__symbolic":"new","expression":{"__symbolic":"reference","module":"@angular/core","name":"Version","line":16,"character":27},"arguments":["6.0.6"]},"ɵregisterLocaleData":{"__symbolic":"reference","name":"registerLocaleData"}},"origins":{"ɵangular_packages_common_common_a":"./src/i18n/localization","ɵangular_packages_common_common_b":"./src/i18n/localization","ɵangular_packages_common_common_c":"./src/i18n/locale_data","ɵangular_packages_common_common_d":"./src/i18n/locale_data_api","ɵangular_packages_common_common_e":"./src/directives/index","ɵangular_packages_common_common_f":"./src/pipes/index","ɵangular_packages_common_common_g":"./src/pipes/deprecated/index","PlatformLocation":"./src/location/platform_location","LOCATION_INITIALIZED":"./src/location/platform_location","LocationChangeEvent":"./src/location/platform_location","LocationChangeListener":"./src/location/platform_location","LocationStrategy":"./src/location/location_strategy","APP_BASE_HREF":"./src/location/location_strategy","HashLocationStrategy":"./src/location/hash_location_strategy","PathLocationStrategy":"./src/location/path_location_strategy","PopStateEvent":"./src/location/location","Location":"./src/location/location","formatDate":"./src/i18n/format_date","formatCurrency":"./src/i18n/format_number","formatNumber":"./src/i18n/format_number","formatPercent":"./src/i18n/format_number","NgLocaleLocalization":"./src/i18n/localization","NgLocalization":"./src/i18n/localization","registerLocaleData":"./src/i18n/locale_data","Plural":"./src/i18n/locale_data_api","NumberFormatStyle":"./src/i18n/locale_data_api","FormStyle":"./src/i18n/locale_data_api","Time":"./src/i18n/locale_data_api","TranslationWidth":"./src/i18n/locale_data_api","FormatWidth":"./src/i18n/locale_data_api","NumberSymbol":"./src/i18n/locale_data_api","WeekDay":"./src/i18n/locale_data_api","getNumberOfCurrencyDigits":"./src/i18n/locale_data_api","getCurrencySymbol":"./src/i18n/locale_data_api","getLocaleDayPeriods":"./src/i18n/locale_data_api","getLocaleDayNames":"./src/i18n/locale_data_api","getLocaleMonthNames":"./src/i18n/locale_data_api","getLocaleId":"./src/i18n/locale_data_api","getLocaleEraNames":"./src/i18n/locale_data_api","getLocaleWeekEndRange":"./src/i18n/locale_data_api","getLocaleFirstDayOfWeek":"./src/i18n/locale_data_api","getLocaleDateFormat":"./src/i18n/locale_data_api","getLocaleDateTimeFormat":"./src/i18n/locale_data_api","getLocaleExtraDayPeriodRules":"./src/i18n/locale_data_api","getLocaleExtraDayPeriods":"./src/i18n/locale_data_api","getLocalePluralCase":"./src/i18n/locale_data_api","getLocaleTimeFormat":"./src/i18n/locale_data_api","getLocaleNumberSymbol":"./src/i18n/locale_data_api","getLocaleNumberFormat":"./src/i18n/locale_data_api","getLocaleCurrencyName":"./src/i18n/locale_data_api","getLocaleCurrencySymbol":"./src/i18n/locale_data_api","ɵparseCookieValue":"./src/cookie","CommonModule":"./src/common_module","DeprecatedI18NPipesModule":"./src/common_module","NgClass":"./src/directives/ng_class","NgForOf":"./src/directives/ng_for_of","NgForOfContext":"./src/directives/ng_for_of","NgIf":"./src/directives/ng_if","NgIfContext":"./src/directives/ng_if","NgPlural":"./src/directives/ng_plural","NgPluralCase":"./src/directives/ng_plural","NgStyle":"./src/directives/ng_style","NgSwitch":"./src/directives/ng_switch","NgSwitchCase":"./src/directives/ng_switch","NgSwitchDefault":"./src/directives/ng_switch","NgTemplateOutlet":"./src/directives/ng_template_outlet","NgComponentOutlet":"./src/directives/ng_component_outlet","DOCUMENT":"./src/dom_tokens","AsyncPipe":"./src/pipes/async_pipe","DatePipe":"./src/pipes/date_pipe","I18nPluralPipe":"./src/pipes/i18n_plural_pipe","I18nSelectPipe":"./src/pipes/i18n_select_pipe","JsonPipe":"./src/pipes/json_pipe","LowerCasePipe":"./src/pipes/case_conversion_pipes","CurrencyPipe":"./src/pipes/number_pipe","DecimalPipe":"./src/pipes/number_pipe","PercentPipe":"./src/pipes/number_pipe","SlicePipe":"./src/pipes/slice_pipe","UpperCasePipe":"./src/pipes/case_conversion_pipes","TitleCasePipe":"./src/pipes/case_conversion_pipes","DeprecatedDatePipe":"./src/pipes/deprecated/date_pipe","DeprecatedCurrencyPipe":"./src/pipes/deprecated/number_pipe","DeprecatedDecimalPipe":"./src/pipes/deprecated/number_pipe","DeprecatedPercentPipe":"./src/pipes/deprecated/number_pipe","ɵPLATFORM_BROWSER_ID":"./src/platform_id","ɵPLATFORM_SERVER_ID":"./src/platform_id","ɵPLATFORM_WORKER_APP_ID":"./src/platform_id","ɵPLATFORM_WORKER_UI_ID":"./src/platform_id","isPlatformBrowser":"./src/platform_id","isPlatformServer":"./src/platform_id","isPlatformWorkerApp":"./src/platform_id","isPlatformWorkerUi":"./src/platform_id","VERSION":"./src/version","ɵregisterLocaleData":"./src/i18n/locale_data"},"importAs":"@angular/common"}